question,answer,type
What factors contributed to the revenue growth in Microsoft 365 and how did this relate to the overall performance in the Productivity and Business Processes segment?,"The revenue growth in Microsoft 365 was driven by a 12% increase in Office 365 Commercial revenue, which was attributed to an 11% growth in seats, particularly from small and medium businesses and frontline worker offerings. This growth in Microsoft 365 contributed to the overall performance in the Productivity and Business Processes segment, which saw a total revenue increase of $4.2 billion or 9%. Additionally, the continued customer shift to cloud offerings played a significant role in this growth.",multi_hop_specific
"What significant changes occurred in Amazon's share repurchase program after the enactment of the U.S. Inflation Reduction Act on August 16, 2022, and how do these changes relate to the trading plans adopted by executives on August 15, 2023?","After the enactment of the U.S. Inflation Reduction Act on August 16, 2022, which introduced a 1% excise tax on certain share repurchases, Amazon's Board of Directors approved an increase to their share repurchase program of an additional $25.00 billion on August 21, 2023. This brought the total available for repurchase to $27.95 billion as of August 24, 2023. Additionally, on August 15, 2023, Adam Selipsky, CEO of Amazon Web Services, adopted a trading plan to sell up to 136,996 shares of Amazon.com, Inc. common stock, which is part of a broader strategy to manage share dilution and reflect the company's ongoing commitment to returning capital to shareholders.",multi_hop_specific
"What were the total net sales and operating income for AMAZON.COM, INC. for the three months ended September 30, 2023, and how do these figures compare to the same period in 2022?","For the three months ended September 30, 2023, AMAZON.COM, INC. reported total net sales of $143,083 million and an operating income of $11,188 million. In comparison, for the same period in 2022, the total net sales were $127,101 million, and the operating income was $2,525 million. This indicates an increase in total net sales by $15,982 million and a significant increase in operating income by $8,663 million from 2022 to 2023.",multi_hop_specific
"What were the financial impacts of the change in accounting estimate made in July 2022 on the operating income and net income for the nine months ended July 1, 2023, and how does this relate to the company's overall financial performance during that period?","The change in accounting estimate made in July 2022, which increased the estimated useful lives of server and network equipment from four years to six years, had a significant financial impact. For the nine months ended July 1, 2023, this change resulted in an increase in operating income of $2.9 billion and an increase in net income of $2.3 billion, translating to an increase of $0.32 and $0.31 per basic and diluted share, respectively. This adjustment reflects the company's efforts to align its financial reporting with operational efficiencies and technological advancements, thereby positively influencing its overall financial performance during that period.",multi_hop_specific
"What were the key differences in NVIDIA's financial performance between the three months ended July 30, 2023, and July 31, 2022, particularly in terms of net income and operating income?","In the three months ended July 30, 2023, NVIDIA reported a net income of $6,188 million, a significant increase compared to $656 million for the same period in 2022. Additionally, the operating income for the same period in 2023 was $6,800 million, compared to only $499 million in 2022. This indicates a substantial improvement in NVIDIA's financial performance year-over-year.",multi_hop_specific
"What are the potential risks associated with Microsoft's acquisitions, particularly in relation to SQL Server and the overall impact on their business strategy?","Microsoft's acquisitions, including those related to SQL Server, involve significant challenges and risks that may adversely affect their business strategy. These risks include the possibility that the acquisitions do not advance their business strategy or yield satisfactory returns on investment. Additionally, there are challenges in integrating and retaining new employees, business systems, and technology, which can distract management from other business operations. The success of these acquisitions depends on Microsoft's ability to leverage them to enhance existing products and services or develop new ones. Furthermore, if goodwill or amortizable intangible assets from these acquisitions become impaired, Microsoft may be required to record significant charges to earnings, negatively impacting their consolidated financial statements.",multi_hop_specific
"What are the expected net sales and operating income for Amazon.com, Inc. for the fourth quarter of 2022, and how do these figures compare to the previous year's fourth quarter?","For the fourth quarter of 2022, Amazon.com, Inc. expects net sales to be between $140.0 billion and $148.0 billion, representing a growth of 2% to 8% compared to the fourth quarter of 2021. The operating income is anticipated to be between $0 and $4.0 billion, compared to $3.5 billion in the fourth quarter of 2021.",multi_hop_specific
What impact did the Tax Cuts and Jobs Act (TCJA) have on the company's effective tax rate and its obligations regarding the transition tax?,"The Tax Cuts and Jobs Act (TCJA) impacted the company's effective tax rate by reducing it from 19% in the prior year to 18% for the three months ended September 30, 2023. This decrease was primarily due to tax benefits from changes in tax law, including the issuance of Notice 2023-55 by the IRS, which delayed the effective date of final foreign tax credit regulations. Additionally, the TCJA required the company to pay a one-time transition tax on deferred foreign income not previously subject to U.S. income tax, which is payable in installments over eight years. The company has already paid $7.7 billion of this transition tax, with $10.5 billion remaining to be paid over the next three years.",multi_hop_specific
What was the impact of FPGA product line revenue on the overall financial performance in Q2 2023 compared to YTD 2022?,"In Q2 2023, the FPGA product line revenue contributed positively to the overall financial performance, partially offsetting the decrease in server revenue due to lower demand in a softening CPU data center market. For YTD 2023, the increase in revenue from the FPGA product line also helped mitigate the impact of a significant decline in server revenue, which decreased by 41%.",multi_hop_specific
"What significant financial event occurred in November 2021 related to share repurchase agreements, and how did it impact the company's financials as of June 25, 2022?","In November 2021, the company entered into accelerated share repurchase agreements totaling \$6.0 billion under its share repurchase program. As of June 25, 2022, the company had repurchased 408 million shares of its common stock for \$65.0 billion under this program, which was authorized by the Board of Directors. This significant financial event reflects the company's strategy to return value to shareholders through share repurchases.",multi_hop_specific
"What were the cash flows from operating activities in Euros for Q3 2022 and Q3 2023, and how did the amounts held in Euros change from December 31, 2022, to September 30, 2023?","The cash flows from operating activities for Q3 2022 were \$11.4 billion and for Q3 2023 were \$21.2 billion. The amounts held in Euros decreased from \$18.3 billion as of December 31, 2022, to \$13.7 billion as of September 30, 2023.",multi_hop_specific
What are the responsibilities of the registrant's certifying officers regarding internal control over financial reporting as per the Securities and Exchange Commission regulations?,"The registrant's certifying officers are responsible for establishing and maintaining disclosure controls and procedures, as well as internal control over financial reporting. They must design these controls to ensure that material information is made known to them, evaluate the effectiveness of these controls, and disclose any changes that may materially affect internal control over financial reporting. Additionally, they must report any significant deficiencies or material weaknesses in the design or operation of these controls.",multi_hop_specific
"What were the cash taxes paid in Q3 2023 and how do they compare to the cash taxes paid in Q3 2022, considering the changes in tax regulations effective January 1, 2022?","In Q3 2023, the cash taxes paid were \$2.6 billion, which is an increase compared to \$742 million paid in Q3 2022. This significant increase is attributed to the changes in tax regulations effective January 1, 2022, which require research and development expenses to be capitalized and amortized for U.S. tax purposes, delaying the deductibility of these expenses.",multi_hop_specific
"What were the financial impacts on Intel's ADAS segment in Q1 2023 compared to Q1 2022, and how does this relate to the overall revenue trends in the NEX segment?","In Q1 2023, Intel's ADAS segment, which includes advanced driver-assistance systems, reported a revenue of $458 million, an increase of $64 million from Q1 2022, primarily driven by higher demand for EyeQÂ® products and Mobileye SuperVision systems. In contrast, the NEX segment experienced a significant decline, with revenue down to $1.5 billion, a decrease of $650 million from Q1 2022, as customers reduced purchases to adjust to lower demand for Edge, Network Xeon, and Ethernet products. This indicates that while the ADAS segment showed growth, the NEX segment faced challenges, reflecting a mixed performance across Intel's business units.",multi_hop_specific
"What was the impact on net income due to the change in estimate of useful lives for servers and networking equipment from December 31, 2021 to the following periods?","The change in estimate of useful lives for servers and networking equipment, effective January 1, 2022, resulted in a reduction in depreciation and amortization expense of $2.8 billion for the nine months ended September 30, 2022. This change benefited net loss by $2.2 billion, or $0.21 per basic share and $0.21 per diluted share, which reflects the financial performance as of December 31, 2021.",multi_hop_specific
What was the impact of Ampere GPU architecture products on the company's gross margin and how did the Data Center revenue growth contribute to this in the third quarter of fiscal year 2024?,"The impact of Ampere GPU architecture products on the company's gross margin was significant, as provisions for inventory and excess inventory purchase obligations resulted in a provision release of $239 million for the third quarter of fiscal year 2024. This contributed to an overall gross margin increase to 74.0%, up from 53.6% in the same quarter the previous year. The growth in Data Center revenue, which increased by 279% year on year, was a key factor in this improvement, as it led to a better product mix and lower net inventory provisions.",multi_hop_specific
What was the impact of 5G products on revenue in Q3 2022 compared to Q3 2021?,"In Q3 2022, revenue was $2.3 billion, which was up $280 million from Q3 2021, driven by increased demand for 5G products. This increase in revenue was partially offset by lower demand for Network Xeon.",multi_hop_specific
What was the percentage increase in total R&D and MG&A expenses for YTD 2022 compared to YTD 2021?,"The total R&D and MG&A expenses for YTD 2022 were \$18.4 billion, which represents a 17% increase from YTD 2021.",multi_hop_specific
"What were the financial impacts of the change in accounting estimate for NVIDIA Corporation in fiscal year 2024, and how does this relate to their quarterly reporting as specified in the Form 10-Q?","The financial impacts of the change in accounting estimate for NVIDIA Corporation in fiscal year 2024 included a benefit of $5 million and $28 million for cost of revenue and operating expenses, respectively, resulting in an increase in operating income of $33 million and net income of $27 million after tax, or $0.01 per both basic and diluted share for the three months ended July 30, 2023. For the first half of fiscal year 2024, the benefits were $7 million and $59 million for cost of revenue and operating expenses, respectively, leading to an increase in operating income of $66 million and net income of $55 million after tax, or $0.02 per both basic and diluted share. This information is relevant to their quarterly reporting as specified in the Form 10-Q, which outlines the financial statements and performance metrics for the company.",multi_hop_specific
"What was the financial guidance provided on October 27, 2022, and how does it compare to the balance as of October 1, 2022?","The financial guidance provided on October 27, 2022, indicated that net sales were expected to be between $140.0 billion and $148.0 billion, reflecting a growth of 2% to 8% compared to the fourth quarter of 2021. This guidance anticipated an unfavorable impact of approximately 460 basis points from foreign exchange rates. In comparison, the balance as of October 1, 2022, was reported as $4,127 million in total assets, with net income showing a loss of $2,051 million. Thus, the guidance suggests a significant expected increase in sales despite the losses reported in the earlier balance.",multi_hop_specific
"What significant financial information was reported by Microsoft Corporation on April 25, 2023, and how does it relate to the financial guidance provided on April 27, 2023?","On April 25, 2023, Microsoft Corporation reported its interim financial information in its Quarterly Report on Form 10-Q for the quarter ended March 31, 2023. The report included certifications from CEO Satya Nadella and CFO Amy E. Hood, confirming that the financial statements fairly present the company's financial condition and results of operations. The report highlighted a challenging macroeconomic environment impacting revenue, with a significant decrease in net income attributable to Intel. On April 27, 2023, Microsoft provided financial guidance that took into account the impacts of macroeconomic uncertainty and the need for incentives to stimulate customer purchases, which were reflected in the financial results reported on April 25.",multi_hop_specific
"What were the changes in R&D and MG&A spending from YTD 2021 to YTD 2022, and how did these changes impact overall company performance?","From YTD 2021 to YTD 2022, R&D spending increased by $1.9 billion, or 17%, driven by investments in process technology and strategic growth initiatives. Similarly, MG&A spending rose by $695 million, or 15%, primarily due to increased corporate spending. These increases in spending reflect the company's commitment to enhancing product execution and strategic growth, despite the challenges posed by a declining macroeconomic environment.",multi_hop_specific
"What were the significant changes in cash generated by operating activities from June 26, 2021, to June 30, 2022, and how did these changes impact the overall financial performance of the company?","The cash generated by operating activities increased from \$83,838 million for the nine months ended June 26, 2021, to \$98,024 million for the nine months ended June 30, 2022. This increase of \$14,186 million reflects a rise in net income from \$74,129 million to \$79,082 million, along with adjustments such as depreciation and amortization, which remained relatively stable. The overall financial performance of the company improved, as evidenced by the higher cash flow from operations, which is crucial for funding investing and financing activities.",multi_hop_specific
What are the impacts of foreign exchange rate risk and how do they relate to the company's gross margins as discussed in Item 1A of the 2022 Form 10-K?,"The impacts of foreign exchange rate risk are described in Part II, Item 7A of the Annual Report on Form 10-K, indicating that the company has faced challenges due to fluctuations in foreign currencies relative to the U.S. dollar. This weakness in foreign currencies has contributed to a decrease in the Services gross margin percentage during the first quarter of 2023 compared to the same quarter in 2022. The company believes that gross margins will be subject to volatility and downward pressure, which is further influenced by various factors, including foreign exchange rate risks as outlined in Item 1A of the 2022 Form 10-K under the heading 'Risk Factors.'",multi_hop_specific
"What was the balance as of December 25, 2021, and how does it compare to the balance as of September 30, 2023?","The balance as of December 25, 2021, was 4,070 \$ with additional figures of 28,006 \$, (880) \$, and 68,265 \$. In comparison, the balance as of September 30, 2023, was 4,216 \$ with additional figures of 35,653 \$, (861) \$, and 67,021 \$. This indicates an increase in the overall balance from December 2021 to September 2023.",multi_hop_specific
"What were the cash flows from operating activities for NVIDIA Corporation in the nine months ended October 29, 2023, and how does this relate to their developments in automotive artificial intelligence?","For the nine months ended October 29, 2023, NVIDIA Corporation reported cash flows from operating activities amounting to $16,591 million. This strong cash flow is significant as it supports their investments in automotive artificial intelligence, which includes autonomous driving development agreements and electric vehicle computing platforms, indicating a strategic focus on integrating AI into the automotive sector.",multi_hop_abstract
"What are the liquidity and capital resources reported by Intel Corporation in their quarterly report, and how does this relate to their obligations under the United States Securities and Exchange Commission?","In the quarterly report, Intel Corporation reported total cash and investments of $24,321 million as of July 1, 2023, which included cash and cash equivalents of $8,349 million and short-term investments of $15,908 million. The company indicated that it has sufficient sources of funding to meet its business requirements for the next 12 months and in the longer term. This liquidity is primarily generated from operations and is supplemented by committed credit facilities. Additionally, the report highlights that Intel is subject to the filing requirements of the United States Securities and Exchange Commission, which mandates that they disclose their financial status, including liquidity and capital resources, to ensure transparency and compliance with regulatory standards.",multi_hop_abstract
"What were the net sales figures for Apple Inc. for the three months ended June 25, 2022, and how do they compare to the condensed consolidated balance sheets as of June 25, 2022, particularly in terms of total assets and shareholders' equity?","For the three months ended June 25, 2022, Apple Inc. reported total net sales of $82,959 million, which included $63,355 million from products and $19,604 million from services. In comparison, the condensed consolidated balance sheets as of June 25, 2022, indicated total assets of $336,309 million and total shareholders' equity of $58,107 million. This shows that while the net sales were substantial, the total assets and shareholders' equity reflect the overall financial health and capital structure of the company at that time.",multi_hop_abstract
"What were the total net sales and total assets for the company as of July 1, 2023, and how do these figures compare to the previous year?","As of July 1, 2023, the total net sales for the company were $81,797 million, which represents a decrease from $82,959 million reported for the same period in the previous year. Additionally, the total assets were $335,038 million as of July 1, 2023, down from $352,755 million as of September 24, 2022.",multi_hop_abstract
"What are the cash flows reported by Amazon.com, Inc. in their quarterly report filed with the United States Securities and Exchange Commission for the period ended June 30, 2023, and how do they reflect the company's financial condition?","In the quarterly report filed with the United States Securities and Exchange Commission for the period ended June 30, 2023, Amazon.com, Inc. reported net cash provided by operating activities of $16,476 million, which indicates a significant increase compared to the previous year. The report also highlighted a net cash used in investing activities of $9,673 million and a net cash used in financing activities of $6,539 million. Overall, the cash flows reflect a robust financial condition, with a net increase in cash, cash equivalents, and restricted cash amounting to $333 million, demonstrating the company's ability to generate cash from its operations while managing its investments and financing activities.",multi_hop_abstract
"What are the key financial statements mentioned in the quarterly report, and how do they relate to third-party information used for projections?","The key financial statements mentioned in the quarterly report include the Consolidated Condensed Statements of Income, Comprehensive Income, Balance Sheets, and Cash Flows. These statements provide a detailed overview of the company's financial performance and position. The report also states that expectations are based on third-party information and projections that management believes to be reputable, indicating that external data is utilized to inform the financial outlook and assessments presented in these statements.",multi_hop_abstract
"What financial statements were included in the NVIDIA Corporation's quarterly report filed with the United States Securities and Exchange Commission for the period ended October 30, 2022?","The financial statements included in NVIDIA Corporation's quarterly report filed with the United States Securities and Exchange Commission for the period ended October 30, 2022, are the Condensed Consolidated Statements of Income, Condensed Consolidated Statements of Comprehensive Income, Condensed Consolidated Balance Sheets, Condensed Consolidated Statements of Shareholders' Equity, and Condensed Consolidated Statements of Cash Flows. These statements provide a detailed overview of the company's financial performance and position during the specified period.",multi_hop_abstract
"What certifications were made by the executives of Amazon.com, Inc. in relation to their financial reporting as required by the United States Securities and Exchange Commission?","In connection with the Quarterly Report of Amazon.com, Inc. on Form 10-Q for the three months ended September 30, 2022, both Andrew R. Jassy, President and Chief Executive Officer, and Brian T. Olsavsky, Senior Vice President and Chief Financial Officer, certified that the Report fully complies with the requirements of Section 13(a) or 15(d) of the Securities Exchange Act of 1934 and that the information contained in the Report fairly presents, in all material respects, the financial condition and results of operations of the Company.",multi_hop_abstract
"What are the key financial statements included in the quarterly report, and how do they relate to third-party information and projections?","The key financial statements included in the quarterly report are the Consolidated Condensed Statements of Income, Comprehensive Income, Balance Sheets, and Cash Flows. These statements provide a detailed overview of the company's financial performance and position. The report also mentions that expectations are based on third-party information and projections that management believes to be reputable, indicating that external data influences the financial outlook and assessments presented in these statements.",multi_hop_abstract
"What were the net sales figures for Apple Inc. for the three months ended June 25, 2022, and how do they compare to the condensed consolidated balance sheets as of June 25, 2022, particularly in terms of total assets and liabilities?","For the three months ended June 25, 2022, Apple Inc. reported total net sales of $82,959 million, which included $63,355 million from products and $19,604 million from services. In comparison, the condensed consolidated balance sheets as of June 25, 2022, indicated total assets of $336,309 million and total liabilities of $278,202 million. This shows that while Apple had significant net sales during the quarter, its total assets and liabilities were also substantial, reflecting the company's overall financial position.",multi_hop_abstract
"What were the key drivers of revenue growth for Microsoft Corporation in the first quarter of fiscal year 2024, particularly in relation to their Intelligent Cloud and Productivity and Business Processes segments?","In the first quarter of fiscal year 2024, Microsoft Corporation experienced significant revenue growth driven by several key factors. The overall revenue increased by $6.4 billion or 13%, with notable contributions from the Intelligent Cloud and Productivity and Business Processes segments. Specifically, Intelligent Cloud revenue grew by 19%, primarily due to a 29% increase in Azure and other cloud services. Meanwhile, the Productivity and Business Processes segment saw a revenue increase of 13%, with Office Commercial products and cloud services revenue rising by 15%, largely driven by an 18% growth in Office 365 Commercial. These results highlight the strong performance of Microsoft's cloud-based solutions and productivity tools, which are central to their revenue growth strategy.",multi_hop_abstract
"What are the cash flows reported by Amazon.com, Inc. in the quarterly report filed with the United States Securities and Exchange Commission for the period ended June 30, 2023?","In the quarterly report filed with the United States Securities and Exchange Commission for the period ended June 30, 2023, Amazon.com, Inc. reported net cash provided by operating activities as $16,476 million. The report also detailed cash flows from investing activities as $(9,673) million and from financing activities as $(6,539) million.",multi_hop_abstract
"What are the financial statements reported by NVIDIA Corporation in their quarterly report to the United States Securities and Exchange Commission for the period ended October 30, 2022, and how do they reflect the company's performance compared to the previous year?","In the quarterly report to the United States Securities and Exchange Commission for the period ended October 30, 2022, NVIDIA Corporation reported several key financial statements. The condensed consolidated statements of income showed a revenue of $5,931 million for the three months ended October 30, 2022, compared to $7,103 million for the same period in the previous year, indicating a decline. The net income for the same period was $680 million, down from $2,464 million in the previous year. Additionally, the report included condensed consolidated balance sheets, which indicated total assets of $40,488 million as of October 30, 2022, compared to $44,187 million as of January 30, 2022. This decline in revenue and net income reflects challenges in the company's performance compared to the previous year.",multi_hop_abstract
"What were the cash flows from operating activities for NVIDIA Corporation in the nine months ended October 29, 2023, and how do they relate to the company's investments in automotive artificial intelligence?","For the nine months ended October 29, 2023, NVIDIA Corporation reported cash flows from operating activities amounting to $16,591 million. This significant cash flow is crucial as it supports the company's investments in automotive artificial intelligence, which includes developing autonomous driving solutions and electric vehicle computing platforms. The strong operating cash flow indicates a robust financial position, enabling NVIDIA to invest in innovative technologies such as AI for automotive applications.",multi_hop_abstract
"What are the key financial statements included in the Microsoft Corporation's quarterly report filed with the United States Securities and Exchange Commission for the period ended September 30, 2023?","The key financial statements included in the Microsoft Corporation's quarterly report filed with the United States Securities and Exchange Commission for the period ended September 30, 2023, are the Income Statements, Comprehensive Income Statements, Balance Sheets, Cash Flows Statements, and Stockholders' Equity Statements. These statements provide a detailed overview of the company's financial performance and position during the specified period.",multi_hop_abstract
"What are the consolidated financial statements for Amazon.com, Inc. as reported to the United States Securities and Exchange Commission for the quarterly period ended September 30, 2023?","The consolidated financial statements for Amazon.com, Inc. for the quarterly period ended September 30, 2023, include the following key figures: Net product sales were $63,171 million, and net service sales were $79,912 million, leading to total net sales of $143,083 million. Operating expenses totaled $131,895 million, resulting in an operating income of $11,188 million. The net income for the quarter was $9,879 million, with basic earnings per share of $0.96 and diluted earnings per share of $0.94. These statements are part of the quarterly report submitted to the United States Securities and Exchange Commission.",multi_hop_abstract
What are the financial statements and third-party information that impact Intel's quarterly performance?,"The financial statements include the Consolidated Condensed Statements of Income, Comprehensive Income, Balance Sheets, and Statements of Cash Flows, which provide a detailed overview of Intel's financial performance. Additionally, the report mentions that expectations based on third-party information and projections are considered reputable and impact management's outlook on the company's performance.",multi_hop_abstract
"What were the key financial results for NVIDIA Corporation for the quarter ended April 30, 2023, and how do they compare to the same quarter in the previous year based on the financial statements?","For the quarter ended April 30, 2023, NVIDIA Corporation reported a revenue of $7,192 million, which is a decrease from $8,288 million in the same quarter of the previous year. The cost of revenue for this quarter was $2,544 million, down from $2,857 million a year earlier. Consequently, the gross profit for the quarter was $4,648 million, compared to $5,431 million in the prior year. Operating expenses were $2,508 million, a reduction from $3,563 million in the same quarter of the previous year. This resulted in an income from operations of $2,140 million, up from $1,868 million a year prior. The net income for the quarter was $2,043 million, compared to $1,618 million in the same quarter of the previous year, indicating an increase in profitability despite the decline in revenue.",multi_hop_abstract
"What role does the Management's Discussion and Analysis section play in the quarterly reports filed with the United States Securities and Exchange Commission, particularly in relation to financial performance and risk factors?","The Management's Discussion and Analysis (MD&A) section in quarterly reports filed with the United States Securities and Exchange Commission (SEC) provides critical insights into a company's financial performance and the risks it faces. This section includes a detailed analysis of segment trends and results, consolidated results of operations, liquidity and capital resources, and non-GAAP financial measures. It helps investors understand the company's operational results, the impact of market conditions, and management's expectations for future performance. Additionally, the MD&A discusses forward-looking statements and outlines various risk factors that could affect the company's future results, thereby offering a comprehensive view of the company's financial health and strategic direction.",multi_hop_abstract
"What were the key highlights of Microsoft Corporation's financial performance for the quarter ended September 30, 2023, particularly in terms of revenue growth in different segments and overall financial performance compared to the previous year?","For the quarter ended September 30, 2023, Microsoft Corporation reported significant financial performance highlights. The total revenue reached $56.5 billion, marking an increase from $50.1 billion in the same quarter of the previous year. Notably, Microsoft Cloud revenue surged by 24% to $31.8 billion, driven by strong growth in Azure and other cloud services. Office Commercial products and cloud services revenue increased by 15%, largely due to an 18% growth in Office 365 Commercial subscriptions. Additionally, LinkedIn revenue rose by 8%, and Dynamics products and cloud services revenue grew by 22%. However, Devices revenue saw a decline of 22%. Overall, the financial performance reflects a robust growth trajectory in cloud services and productivity solutions, despite challenges in the devices segment.",multi_hop_abstract
"What were the total net sales and total assets for Apple Inc. as of July 1, 2023, and how do these figures compare to the previous year?","As of July 1, 2023, Apple Inc. reported total net sales of $81,797 million, which is a decrease from $82,959 million reported for the same period in the previous year. Additionally, the total assets for Apple Inc. were $335,038 million as of July 1, 2023, compared to $352,755 million as of September 24, 2022, indicating a decline in total assets as well.",multi_hop_abstract
"What were the cash flows reported by Amazon.com, Inc. for the three months ended June 30, 2023, and how does this relate to the requirements set by the United States Securities and Exchange Commission?","For the three months ended June 30, 2023, Amazon.com, Inc. reported net cash provided by operating activities of $16,476 million, which reflects a significant increase compared to the previous year. This financial information is part of the quarterly report that complies with the requirements set by the United States Securities and Exchange Commission, specifically under Section 13 or 15(d) of the Securities Exchange Act of 1934, ensuring that the registrant's financial condition and results of operations are accurately presented.",multi_hop_abstract
What are the financial statements and third-party information that impact Intel's quarterly performance as reported in the Form 10-Q?,"The financial statements in Intel's Form 10-Q include the Consolidated Condensed Statements of Income, Comprehensive Income, Balance Sheets, and Cash Flows. These statements reflect a total revenue of $11.7 billion for Q1 2023, which was down $6.6 billion or 36% from Q1 2022, influenced by an uncertain macroeconomic environment, slowing consumer and enterprise demand, persistent inflation, and higher interest rates. Additionally, the report mentions that expectations are based on third-party information and projections that management believes to be reputable, which are crucial for assessing the company's financial performance.",multi_hop_abstract
"What are the consolidated statements of cash flows for Amazon.com, Inc. as reported to the United States Securities and Exchange Commission for the quarterly period ended September 30, 2022?","The consolidated statements of cash flows for Amazon.com, Inc. for the quarterly period ended September 30, 2022, indicate that the net cash provided by operating activities was $11,404 million, while the net cash used in investing activities was $15,608 million. Additionally, the net cash provided by financing activities was $3,016 million. The cash, cash equivalents, and restricted cash at the end of the period amounted to $35,178 million.",multi_hop_abstract
"What insights can be drawn from the Management's Discussion and Analysis section of Intel's Form 10-Q regarding the impact of macroeconomic conditions on their financial performance, and how does this relate to the requirements set by the United States Securities and Exchange Commission?","The Management's Discussion and Analysis section of Intel's Form 10-Q highlights that the company experienced a total revenue decline of $3.9 billion year over year, attributed to a deteriorating macroeconomic environment characterized by slowing consumer demand, persistent inflation, and higher interest rates. This decline was particularly evident in the Client Computing Group (CCG) and Datacenter and AI (DCAI) segments, where revenue decreased significantly due to reduced purchases from enterprise customers and lower notebook volumes. The report emphasizes that these financial results must comply with the requirements set by the United States Securities and Exchange Commission, which mandates accurate and timely reporting of financial performance metrics. The insights from the MD&A indicate that Intel is navigating a challenging economic landscape while adhering to SEC regulations, which necessitate transparency and accountability in their financial disclosures.",multi_hop_abstract